series,IMDB_ID
Dalmatians,tt0115433
Dalmatians,tt0211181
12 Rounds,tt1160368
12 Rounds,tt2317524
1981,tt1286159
1981,tt2833074
1981,tt8264546
Fast & Furious,tt0322259
21 Jump Street,tt1232829
21 Jump Street,tt2294449
28 Days Later,tt0289043
28 Days Later,tt0463854
30 Days of Night,tt0389722
30 Days of Night,tt1320304
8MM ,tt0134273
8MM ,tt0448172
Cinderella,tt0356470
Cinderella,tt1814614
A Dog's Journey,tt8385474
A Dog's Journey,tt1753383
A Haunted House ,tt2243537
A Haunted House ,tt2828996
A Nightmare on Elm Street,tt0087800
A Nightmare on Elm Street,tt1179056
A Nightmare on Elm Street,tt0093629
A Nightmare on Elm Street,tt0095742
A Nightmare on Elm Street,tt0089686
A Nightmare on Elm Street,tt0097981
A Quiet Place,tt6644200
A Quiet Place,tt8332922
Harold & Kumar,tt1268799
AVP,tt0370263
Ace Ventura,tt0109040
Ace Ventura,tt0112281
Addams Family,tt0106220
Agent Cody Banks,tt0313911
Agent Cody Banks,tt0358349
Alice Through the Looking Glass,tt2567026
Alice Through the Looking Glass,tt1014759
Alien,tt0078748
Alien,tt0118583
Alien,tt2316204
Alien,tt0090605
Alien,tt0758730
Alien,tt0103644
Alone in the Dark ,tt0369226
Alone in the Dark ,tt0913951
Alvin and the Chipmunks,tt0952640
Alvin and the Chipmunks,tt1615918
Alvin and the Chipmunks,tt1231580
American Pie ,tt0163651
American Pie ,tt0252866
American Pie ,tt0436058
American Pie ,tt0974959
American Pie Presents,tt1407050
American Pie ,tt0808146
American Psycho,tt0144084
American Psycho,tt0283877
An American Werewolf,tt0082010
An American Werewolf,tt0118604
Anaconda,tt0118615
Anaconda,tt1137996
Anaconda,tt0366174
Anaconda,tt1150934
Analyze That,tt0289848
Analyze That,tt0122933
Anchorman,tt1229340
Anchorman,tt0357413
Annabelle,tt3322940
Annabelle,tt8350360
Annabelle,tt5140878
Cinderella,tt1071358
Antikiller,tt0325005
Antikiller,tt0405699
Antikiller,tt1532261
Arthur,tt0940656
Arthur,tt0344854
Arthur,tt0940657
Astérix & Obélix ,tt0133385
Astérix & Obélix ,tt1597522
Astérix & Obélix ,tt0250223
Astérix & Obélix ,tt0463872
Atlas Shrugged,tt0480239
Atlas Shrugged II,tt1985017
Austin Powers,tt0295178
Austin Powers,tt0118655
Austin Powers,tt0145660
Avatar,tt0499549
Avatar,tt1630029
Avengers,tt2395427
Avengers,tt4154796
Avengers,tt4154756
Back to the Future,tt0088763
Back to the Future,tt0096874
Back to the Future,tt0099088
Bad Ass,tt1928330
Bad Ass,tt2996648
Bad Boys ,tt0112442
Bad Boys ,tt0172156
Bad Boys ,tt1502397
The Bad Lieutenant,tt0103759
The Bad Lieutenant,tt1095217
Bad Santa ,tt0307987
Bad Santa ,tt1798603
Balto,tt0112453
Balto,tt0281634
Balto,tt0423849
Bambi ,tt0034492
Bambi ,tt0447854
Metropolitan,tt0109219
Basic Instinct ,tt0103772
Basic Instinct ,tt0430912
Batman,tt0096895
Batman,tt0118688
Batman,tt0372784
Batman,tt0112462
Batman,tt0103776
Batman,tt2975590
Battle Royale,tt0266308
Battle Royale,tt0338763
Planet of the Apes,tt0069768
Beauty and the Beast,tt0101414
Beauty and the Beast,tt0118692
Before Midnight,tt2209418
Before Midnight,tt0112471
Before Midnight,tt0381681
Behind Enemy Lines,tt0159273
Behind Enemy Lines,tt0497329
Behind Enemy Lines,tt1208647
Beauty and the Beast,tt0167038
Planet of the Apes,tt0065462
Beverly Hills Chihuahua ,tt1014775
Beverly Hills Chihuahua ,tt1482393
Beverly Hills Cop ,tt0086960
Beverly Hills Cop ,tt0092644
Beverly Hills Cop ,tt0109254
Big Momma's House ,tt0208003
Big Momma's House ,tt0421729
Big Momma's House ,tt1464174
Bill & Ted,tt1086064
Bill & Ted,tt0101452
Bill & Ted,tt0096928
Blade ,tt0120611
Blade ,tt0187738
Blade Runner,tt0083658
Blade Runner,tt1856101
Blade,tt0359013
BloodRayne,tt0383222
BloodRayne II,tt0896036
BloodRayne,tt1153546
Blue Crush ,tt0300532
Blue Crush ,tt1630626
Blues Brothers ,tt0118747
Boogeyman,tt0357507
Boogeyman ,tt0900357
Boogeyman ,tt1204883
Boogeyman,tt0085266
Book Club,tt6857166
Book Club,tt20768712
Borat,tt13143964
Borat,tt0443453
Bridget Jones,tt1473832
Bridget Jones,tt0243155
Bridget Jones,tt0317198
Brat ,tt0118767
Brat ,tt0238883
Brother Bear ,tt0328880
Brother Bear ,tt0465925
Candyman,tt0103919
Candyman,tt0165662
Candyman,tt0112625
Captain America,tt3498820
Captain America,tt0458339
Captain America,tt1843866
Carlito's Way,tt0106519
Carlito's Way,tt0427038
Cars ,tt0317219
Cars ,tt1216475
Cars ,tt3606752
Charlie's Angels,tt0160127
Charlie's Angels,tt0305357
Che,tt0892255
Che,tt0374569
Cheaper by the Dozen ,tt0349205
Cheaper by the Dozen ,tt0452598
Child's Play ,tt0094862
Child's Play ,tt0099253
Child's Play ,tt0103956
Chinese Puzzle,tt1937118
Chinese Puzzle,tt1424310
Cinderella,tt0042332
Cinderella,tt0291082
Cinderella,tt0465940
City of God,tt0317248
City of God,tt0870090
Clash of the Titans,tt0800320
Class of 1999,tt0099277
Class of 1999,tt0109442
Clerks ,tt0109445
Clerks ,tt0424345
Clerks ,tt11128440
Cocoon,tt0088933
Cocoon,tt0094890
Planet of the Apes,tt0068408
Crank,tt0479884
Crank,tt1121931
Crimson Rivers,tt0337103
Critters ,tt0090887
Critters ,tt0094919
Critters ,tt0101627
Critters ,tt0101628
Cruel Intentions,tt0139134
Cruel Intentions,tt0196267
Cruel Intentions,tt0391891
Cube,tt0123755
Cube,tt0285492
Cube,tt0377713
Curse of Chucky,tt2230358
Curse of Chucky,tt0059076
Curse of Chucky,tt0085384
Damien,tt0077394
Darkman,tt0099365
Darkman,tt0109552
Darkman,tt0116033
Planet of the Apes,tt2103281
Day Watch,tt0409904
Deadpool ,tt1431045
Deadpool ,tt5463162
Death Race ,tt0452608
Death Race ,tt1500491
Death Race ,tt1988591
Desperado,tt0112851
Despicable Me ,tt1323594
Despicable Me ,tt1690953
Despicable Me ,tt3469046
Deuce Bigalow,tt0367652
Deuce Bigalow,tt0205000
Die Hard ,tt0095016
Die Hard ,tt0099423
Die Hard ,tt0112864
Dirty Dancing,tt0092890
Dirty Dancing,tt0338096
District 13,tt1247640
District 13,tt0414852
Dolphin Tale ,tt1564349
Dolphin Tale ,tt2978462
Dominion,tt0449086
Don't Breathe ,tt4160708
Don't Breathe ,tt6246322
Donnie Darko,tt0246578
Dr. Dolittle ,tt0240462
Dr. Dolittle ,tt0481513
Dr. Dolittle,tt1080926
Dr. Dolittle,tt1024724
Drunken Master,tt0080179
Drunken Master,tt0109678
Dumb and Dumber,tt0109686
Dumb and Dumber,tt2096672
Dumb and Dumber,tt0329028
Dune,tt1160419
Dune,tt15239678
Dungeons & Dragons,tt0190374
Dungeons & Dragons,tt1733125
Dungeons & Dragons,tt0406728
Elite Squad,tt0861739
Elite Squad,tt1555149
Elizabeth,tt0127536
Elizabeth,tt0414055
Epoch,tt0233657
Epoch,tt0374286
Escape from L.A.,tt0116225
Escape from L.A.,tt0082340
Planet of the Apes,tt0067065
Evil Dead ,tt0092991
Exorcist,tt0076009
Exorcist,tt0204313
Fantasia ,tt0032455
Fantasia ,tt0120910
Fantastic Four,tt0120667
Fantastic Four,tt0486576
Fantomas,tt0058089
Fantomas,tt0059168
Fantomas,tt0060400
Fast & Furious,tt1013752
Fast & Furious,tt1905041
Fast & Furious,tt1596343
Fast & Furious,tt5433140
Fast & Furious,tt4630562
Fast & Furious,tt5433138
Fast & Furious,tt6806448
Father of the Bride,tt0101862
Father of the Bride,tt0113041
Final Chapter,tt0076028
Final Destination ,tt0195714
Final Destination ,tt0309593
Final Destination ,tt0414982
Final Destination ,tt1622979
Finding Nemo,tt2277860
Finding Nemo,tt0266543
Fletch,tt0089155
Fletch,tt0097366
Fortress ,tt0106950
Fortress ,tt0179183
Freddy vs. Jason,tt0329101
Freddy vs. Jason,tt0101917
French Connection ,tt0073018
Friday the 13th,tt0080761
Friday the 13th,tt0758746
Friday the 13th,tt0082418
Friday the 13th,tt0083972
Friday the 13th,tt0091080
Friday the 13th,tt0095179
Friday the 13th,tt0097388
Friday the 13th,tt0089173
Friday the 13th,tt0087298
Fright Night,tt0089175
Fright Night,tt1438176
Fright Night,tt2486630
Fright Night,tt0097390
From Dusk Till Dawn,tt0116367
From Dusk Till Dawn,tt0120860
From Dusk Till Dawn,tt0120695
Frozen ,tt2294629
Frozen ,tt4520988
Fast & Furious,tt2820852
G.I. Joe,tt1583421
G.I. Joe,tt1046173
Garfield,tt0356634
Garfield,tt0455499
Ghost Rider,tt0259324
Ghost Rider,tt1071875
Ghostbusters ,tt0087332
Ghostbusters ,tt0097428
Girls on Top,tt0258827
Girls on Top,tt0385891
Goon,tt1456635
Goon,tt2417712
Grave Encounters ,tt1703199
Grave Encounters ,tt2231554
Green Lantern,tt1683043
Green Lantern,tt1384590
Gremlins,tt0087363
Gremlins,tt0099700
Guardians of the Galaxy,tt2015381
Guardians of the Galaxy,tt3896198
Guardians of the Galaxy,tt6791350
Halloween,tt0077651
Halloween,tt0373883
Halloween,tt1502407
Halloween,tt0095271
Halloween,tt0097474
Halloween,tt0120694
Halloween,tt0082495
Halloween,tt1311067
Halloween,tt0085636
Halloween,tt0220506
Halloween,tt0113253
Hannibal,tt0212985
Hannibal,tt0367959
Happy Death Day ,tt5308322
Happy Death Day ,tt8155288
Happy Feet,tt0366548
Happy Feet,tt1402488
Harold & Kumar,tt0481536
Harold & Kumar,tt0366551
Harry Potter,tt0295297
Harry Potter,tt0926084
Harry Potter,tt1201607
Harry Potter,tt0330373
Harry Potter,tt0417741
Harry Potter,tt0373889
Harry Potter,tt0241527
Harry Potter,tt0304141
Hellbound,tt0095294
Hellboy,tt0167190
Hellboy,tt0411477
Hellraiser,tt0093177
Hellraiser,tt0887261
Hellraiser,tt0104409
Hellraiser,tt0116514
Hellraiser,tt0337636
Hellraiser,tt0274546
Hellraiser,tt0354623
Hellraiser,tt0229440
Hellraiser,tt1716747
Hollow Man ,tt0164052
Hollow Man ,tt0469916
Home Alone ,tt0099785
Home Alone ,tt0104431
Home Alone ,tt0119303
Home Alone ,tt0329200
Honey ,tt0322589
Honey ,tt1657283
Honey ,tt0104437
Honey ,tt0097523
Horrible Bosses ,tt0119310
Horrible Bosses ,tt1499658
Horrible Bosses ,tt2170439
Hostel,tt0450278
Hostel,tt0498353
Hostel,tt1255916
Hot Shots!,tt0102059
Hot Shots!,tt0107144
Hot Tub Time Machine ,tt1231587
Hot Tub Time Machine ,tt2637294
Hotel Transylvania ,tt0837562
Hotel Transylvania ,tt2510894
Hotel Transylvania ,tt5220122
Hotel Transylvania,tt9848626
How to Train Your Dragon ,tt0892769
How to Train Your Dragon ,tt1646971
How to Train Your Dragon ,tt2386490
Hulk,tt0286716
I Know What You Did Last Summer,tt0119345
I Spit on Your Grave ,tt1242432
I Spit on Your Grave ,tt2537176
I Know What You Did Last Summer,tt0130018
"I, Robot",tt0343818
Ice Age,tt0268380
Ice Age,tt1667889
Ice Age,tt1080016
Ice Age,tt0438097
If These Walls Could Talk ,tt0116607
If These Walls Could Talk ,tt0206036
In the Name of the King,tt1767319
In the Name of the King,tt2379386
In the Name of the King,tt0460780
Incredibles ,tt3606756
Independence Day,tt0116629
Independence Day,tt1628841
Indiana Jones,tt1462764
Indiana Jones,tt0367882
Indiana Jones,tt0097576
Indiana Jones,tt0087469
Insidious,tt1591095
Insidious,tt2226417
Insidious,tt3195644
Interview with the Vampire,tt0110148
Into the Blue,tt0378109
Into the Blue,tt0865907
Iron Man ,tt0371746
Iron Man ,tt1228705
Iron Man ,tt1300854
It,tt1396484
It,tt7349950
Jarhead,tt0418763
Jarhead,tt3699508
Jason Goes to Hell,tt0107254
Jeepers Creepers ,tt0263488
Jeepers Creepers ,tt0301470
Jeepers Creepers ,tt1139592
John Wick,tt2911666
John Wick,tt4425200
John Wick,tt6146586
John Wick,tt10366206
Johnny English,tt0274166
Johnny English,tt1634122
Johnny English,tt6921996
Joy Ride,tt0206314
Joy Ride,tt1140941
Jumper,tt0489099
Jurassic Park,tt0107290
Jurassic Park,tt0163025
Jurassic Park,tt0369610
Justice League,tt0974015
Kick-Ass ,tt1250777
Kick-Ass ,tt1650554
Kill Bill,tt0266697
Kill Bill,tt0378194
Kingsman,tt4649466
Kingsman,tt2802144
Kung Fu Panda ,tt0441773
Kung Fu Panda ,tt1302011
Tomb Raider,tt0146316
Tomb Raider,tt0325703
The Lawnmower Man,tt0116839
The Texas Chainsaw Massacre,tt0099994
Legally Blonde,tt0250494
Legally Blonde,tt0333780
Leprechaun,tt0107387
Leprechaun,tt0110329
Leprechaun,tt0113636
Leprechaun,tt0116861
Leprechaun,tt8155182
Leprechaun,tt0209095
Leprechaun,tt0339294
Leprechaun,tt2345613
Lethal Weapon ,tt0093409
Lethal Weapon ,tt0097733
Lethal Weapon ,tt0104714
Lethal Weapon ,tt0122151
Lilo & Stitch,tt0275847
Lilo & Stitch,tt0457993
Olympus Has Fallen,tt3300542
Look Who's Talking,tt0097778
Look Who's Talking,tt0107438
Look Who's Talking,tt0100050
Looney Tunes,tt0318155
Love Comes Softly,tt0345591
Love Comes Softly,tt0785025
Love Comes Softly,tt0402348
Love Comes Softly,tt0486420
Love Comes Softly,tt0929864
Love Comes Softly,tt0960143
Lovey-Dovey,tt0976209
Lovey-Dovey,tt1414840
Lovey-Dovey,tt1666169
Machete,tt0985694
Machete,tt2002718
Mad Max ,tt0079501
Mad Max ,tt0082694
Mad Max ,tt0089530
Madagascar,tt0351283
Madagascar,tt1277953
Madagascar,tt0479952
Magic Mike,tt1915581
Magic Mike,tt2268016
Magic Mike,tt16280138
Major League,tt0097815
Major League ,tt0110442
Major League,tt0120742
Mamma Mia!,tt0795421
Mamma Mia!,tt6911608
Superman,tt0770828
Marley & Me,tt0822832
Marley & Me,tt1704614
Maze Runner,tt4500922
Maze Runner,tt4046784
Mechanic,tt3522806
Meet the Fockers,tt0290002
Meet the Fockers,tt0212338
Megiddo,tt0263728
Men in Black,tt0119654
Men in Black,tt1409024
Men in Black,tt0120912
Mesrine,tt1259014
Mesrine,tt0411272
Messengers 2,tt1299653
Metropolitan,tt0100142
Mimic ,tt0119675
Mimic ,tt0239641
Mimic ,tt0330634
Mirrors ,tt0790686
Mirrors ,tt1576699
Miss Congeniality,tt0212346
Miss Congeniality,tt0385307
Mission: Impossible,tt0117060
Mission: Impossible,tt9603212
Mission: Impossible,tt4912910
Mission: Impossible,tt1229238
Mission: Impossible,tt2381249
Mission: Impossible,tt0120755
Mission: Impossible,tt0317919
Monsters,tt1470827
Monsters,tt1935302
Mulan ,tt0120762
Mulan ,tt0279967
Muppets Most Wanted,tt2281587
Muppets Most Wanted,tt0158811
My Big Fat Greek Wedding ,tt0259446
My Big Fat Greek Wedding ,tt3760922
My Big Fat Greek Wedding ,tt21103300
Naked Gun 33 1/3,tt0110622
Nanny McPhee,tt0396752
Nanny McPhee,tt1415283
National Treasure,tt0368891
National Treasure,tt0465234
Night at the Museum,tt0477347
Night at the Museum,tt1078912
Nutty Professor,tt0144528
Nymphomaniac,tt1937390
Nymphomaniac,tt2382009
Ocean's Eleven,tt0240772
Ocean's Eleven,tt0496806
Ocean's Eleven,tt0349903
Olympus Has Fallen,tt2302755
Omen IV,tt0102585
Once Upon a Time,tt0285823
Open Season ,tt0400717
Open Season ,tt1107365
Open Season ,tt1646926
Paddington ,tt1109624
Paddington ,tt4468740
Paragraph 78,tt0459924
Paragraph 78,tt1097014
Paranormal Activity ,tt1179904
Paranormal Activity ,tt1536044
Paranormal Activity ,tt1778304
Paranormal Activity ,tt2109184
Paul Blart,tt1114740
Paul Blart,tt3450650
Pet Sematary ,tt0098084
Pet Sematary ,tt0105128
Peter Rabbit,tt5117670
Peter Rabbit,tt8376234
Piranha ,tt0464154
Piranha ,tt1714203
Pirates of the Caribbean,tt0449088
Pirates of the Caribbean,tt0383574
Pirates of the Caribbean,tt1298650
Pirates of the Caribbean,tt0325980
Planet of the Apes,tt0063442
Police Academy,tt0087928
Police Academy,tt0089822
Police Academy,tt0091777
Police Academy,tt0093756
Police Academy,tt0095882
Police Academy,tt0098105
Police Academy,tt0110857
Police Story,tt0089374
Police Story,tt0095403
Police Story,tt0104558
Police Story,tt0116704
Police Story,tt2599716
Poltergeist,tt0084516
Poltergeist,tt0091778
Poltergeist,tt0095889
Predator ,tt0093773
Predator ,tt0100403
Predator ,tt1424381
Project A,tt0085127
Project A,tt0092501
Psycho ,tt0054215
Psycho ,tt0086154
Punisher,tt0450314
Quarantine,tt1082868
Quarantine 2,tt1699231
RED,tt1245526
RED,tt1821694
Rabbit Without Ears,tt0960790
Rabbit Without Ears,tt1343755
Wreak-It Ralph,tt5848272
Rambo ,tt0462499
Rambo ,tt0095956
Rambo,tt0089880
Red Dragon,tt0289765
Red Riding,tt1259574
Red Riding,tt1260581
Red Riding,tt1259573
Resident Evil,tt0120804
Resident Evil,tt1220634
Resident Evil,tt0318627
Resident Evil,tt1753496
Resident Evil,tt1174954
Resident Evil,tt0432021
Resident Evil,tt1855325
Boogeyman,tt0162889
Star Wars,tt0086190
Ride Along ,tt1408253
Ride Along ,tt2869728
Rio ,tt1436562
Rio ,tt2357291
Ripley,tt0219171
Ripley,tt0265651
Planet of the Apes,tt1318514
RoboCop ,tt0093870
RoboCop ,tt0100502
RoboCop ,tt0107978
Rocky ,tt0075148
Rocky ,tt0479143
Rocky ,tt0079817
Rocky ,tt0084602
Rocky ,tt0089927
Rocky ,tt0100507
Rush Hour ,tt0120812
Rush Hour ,tt0266915
Rush Hour ,tt0293564
S.W.A.T.,tt0257076
S.W.A.T.,tt1621429
Save the Last Dance ,tt0206275
Save the Last Dance ,tt0486656
Saw ,tt0387564
Saw ,tt1477076
Saw ,tt0432348
Saw ,tt0489270
Saw ,tt0890870
Saw ,tt1132626
Saw ,tt1233227
Scary Movie ,tt0175142
Scary Movie ,tt0257106
Scary Movie ,tt0306047
Scary Movie ,tt0362120
Scary Movie ,tt0795461
Scooby-Doo,tt0267913
Scooby-Doo,tt0331632
Scream ,tt0117571
Scream ,tt0120082
Scream ,tt0134084
Scream ,tt1262416
Screamers,tt0114367
Screamers,tt1214983
Sex and the City ,tt1000774
Sex and the City ,tt1261945
Shanghai Knights,tt0300471
Shanghai Knights,tt0184894
Sharpe's Battle,tt0114416
Sharpe's Battle,tt0480002
Sharpe's Battle,tt0111156
Sharpe's Battle,tt0108107
Sharpe's Battle,tt0111157
Sharpe's Battle,tt0114417
Sharpe's Battle,tt0111158
Sharpe's Battle,tt0120109
Sharpe's Battle,tt0117620
Sharpe's Battle,tt1181849
Sharpe's Battle,tt0117621
Sharpe's Battle,tt0120110
Sharpe's Battle,tt0108108
Sharpe's Battle,tt0117622
Sharpe's Battle,tt0114418
Sharpe's Battle,tt0120111
Sherlock Holmes,tt0988045
Sherlock Holmes,tt1515091
Short Circuit ,tt0091949
Short Circuit ,tt0096101
Shrek ,tt0126029
Shrek ,tt0298148
Shrek ,tt0892791
Shrek ,tt0413267
Sicario,tt3397884
Sicario,tt5052474
Sin City,tt0401792
Sin City,tt0458481
Sing ,tt3470600
Sing ,tt6467266
Smokin' Aces,tt0475394
Smokin' Aces,tt1319743
Sniper,tt0108171
Sniper ,tt0338450
Sniper ,tt0408196
Sniper,tt1571243
Son of the Mask,tt0362165
Sonic the Hedgehog,tt3794354
Sonic the Hedgehog ,tt12412888
Space Jam,tt0117705
Space Jam,tt3554046
Species ,tt0114508
Species ,tt0120841
Species ,tt0410650
Species,tt0844894
Speed,tt0111257
Speed,tt0120179
Spider-Man,tt0145487
Spider-Man ,tt0316654
Spider-Man ,tt0413300
Spider-Man,tt9362722
Spider-Man,tt6320628
Spider-Man,tt2250912
Spider-Man,tt4633694
Spider-Man,tt10872600
Spy Kids,tt0227538
Spy Kids,tt0287717
Spy Kids,tt0338459
Spy Kids,tt1517489
Star Trek,tt0796366
Star Trek,tt2660888
Star Trek,tt0084726
Star Trek,tt0088170
Star Trek,tt0092007
Star Trek,tt1408101
Star Trek,tt0098382
Star Trek,tt0102975
Star Trek,tt0117731
Star Trek,tt0111280
Star Trek,tt0120844
Star Trek,tt0253754
Star Trek,tt0079945
Star Wars,tt0076759
Star Wars,tt0120915
Star Wars,tt0121765
Star Wars,tt0121766
Star Wars,tt2527336
Star Wars,tt2527338
Star Wars,tt2488496
Starship Troopers,tt0120201
Starship Troopers,tt0367093
Starship Troopers,tt0844760
Step Up,tt0462590
Step Up,tt1023481
Step Up,tt1193631
Step Up,tt1800741
Street Kings,tt0421073
Street Kings,tt1707687
Sudden Impact,tt0086383
Superman ,tt0078346
Superman ,tt0081573
Superman ,tt0086393
Superman ,tt0094074
Superman ,tt0348150
Taken ,tt0936501
Taken ,tt1397280
Taken ,tt2446042
Taxi ,tt0152930
Taxi ,tt0183869
Taxi ,tt0295721
Taxi ,tt0804540
Ted ,tt1637725
Ted ,tt2637276
Teenage Mutant Ninja Turtles,tt1291150
Teenage Mutant Ninja Turtles,tt3949660
Terminator,tt0103064
Terminator,tt0181852
Terminator,tt0438488
That's Entertainment!,tt0072272
That's Entertainment!,tt0111408
That's Entertainment!,tt0075323
The Addams Family,tt0101272
The Amazing Spider-Man ,tt0948470
The Amazing Spider-Man ,tt1872181
The Angry Birds Movie,tt1985949
The Angry Birds Movie ,tt6095472
The Avengers,tt0848228
The Base,tt0185908
The Base,tt0236013
The Best Man,tt0168501
The Best Man,tt2083355
Boogeyman,tt0080464
The Boondock Saints,tt0144117
The Boondock Saints,tt1300851
The Boss Baby,tt3874544
The Boss Baby,tt6932874
Bourne,tt0258463
Bourne,tt1194173
Bourne,tt0372183
Bourne,tt0440963
The Butterfly Effect ,tt0289879
The Butterfly Effect ,tt0457297
The Butterfly Effect ,tt1234541
The Cell,tt0209958
The Cell,tt1185837
The Conjuring ,tt1457767
The Conjuring ,tt3065204
The Conjuring,tt7069210
The Crow,tt0109506
The Crow,tt0115986
The Crow,tt0132910
The Crow,tt0353324
Batman,tt0468569
Batman,tt1345836
The Dead,tt1386925
The Dead,tt2917336
The Descent,tt0435625
The Descent,tt1073105
Star Wars,tt0080684
The Equalizer,tt0455944
The Equalizer,tt3766354
The Exorcist,tt0070047
The Exorcist ,tt0099528
The Expendables ,tt1320253
The Expendables ,tt1764651
Fast & Furious,tt0232500
Fast & Furious,tt0463985
The Fly,tt0051622
The Fly,tt0091064
The Fly,tt0097368
The Three Musketeers,tt0073012
The Fox and the Hound,tt0082406
The Fox and the Hound,tt0465997
The Godfather,tt0068646
The Godfather,tt0071562
The Godfather,tt0099674
The Grudge,tt0391198
The Grudge ,tt0433386
The Grudge ,tt1053859
The Guardians of the Galaxy,tt13623136
The Hangover,tt1119646
The Hangover,tt1411697
The Hangover,tt1951261
The Hills Have Eyes,tt0077681
The Hills Have Eyes,tt0454841
The Hills Have Eyes,tt0800069
The Hills Have Eyes,tt0089274
The Hobbit,tt0903624
The Hobbit,tt2310332
The Hobbit,tt1170358
The Hunger Games,tt1392170
The Hunger Games,tt1951264
The Hunger Games,tt1951265
The Hunger Games,tt1951266
The Hunt for Eagle One,tt0486597
The Hunt for Eagle One,tt0816527
Hulk,tt0800080
The Incredibles,tt0317705
The Inhabited Island,tt0972558
The Inhabited Island,tt1399952
The Karate Kid,tt0087538
The Karate Kid,tt1155076
The Karate Kid,tt0091326
The Karate Kid,tt0097647
Metropolitan,tt0120728
The Lawnmower Man,tt0104692
Jui kuen ,tt0111512
The Lego Movie,tt1490017
The Lego Movie,tt3513498
The Librarian,tt0412915
The Librarian,tt0455596
The Librarian,tt1146438
The Lion King,tt0110357
The Lion King,tt0318403
The Lion King,tt0120131
The Little Mermaid,tt0097757
The Little Mermaid,tt0240684
The Little Mermaid,tt0969647
The Lord of the Rings,tt0120737
The Lord of the Rings,tt0167260
The Lord of the Rings,tt0167261
The Lost World,tt0119567
The Marine,tt0419946
The Marine,tt1266027
The Marine,tt2334841
The Mask,tt0110475
The Mask,tt0120746
The Matrix,tt0133093
The Matrix,tt0234215
The Matrix,tt0242653
The Mummy,tt0120616
The Mummy,tt0209163
The Mummy,tt0859163
The Muppet Movie,tt0079588
The Muppet Movie,tt1204342
The Muppet Movie,tt0087755
The Naked Gun,tt0102510
The Naked Gun,tt0095705
The Karate Kid,tt0110657
The Nun ,tt5814060
The Nun ,tt10160976
The Nutty Professor,tt0117218
The Pink Panther,tt0057413
The Pink Panther,tt0383216
The Pink Panther,tt0838232
The Pink Panther,tt0075066
The Prince & Me,tt0337697
The Prince & Me,tt0477072
The Prince & Me,tt1340161
The Prince & Me,tt1094198
The Princess Diaries,tt0247638
The Princess Diaries,tt0368933
The Prophecy,tt0114194
The Prophecy,tt0183678
The Prophecy ,tt0118643
The Prophecy,tt0439771
The Prophecy,tt0365658
The Punisher,tt0330793
The Purge,tt2184339
The Purge,tt2975578
The Purge,tt4094724
The Raid,tt1899353
The Raid,tt2265171
The Pink Panther,tt0072081
The Texas Chainsaw Massacre,tt0110978
The Ring,tt0298130
The Ring,tt0377109
The Santa Clause,tt0111070
The Santa Clause,tt0304669
The Santa Clause,tt0452681
The Scorpion King,tt0277296
The Scorpion King,tt1104123
The Secret Life of Pets,tt2709768
The Secret Life of Pets,tt5113040
The Sisterhood of the Traveling Pants,tt0403508
The Sisterhood of the Traveling Pants,tt1018785
Terminator,tt0088247
The Texas Chainsaw Massacre,tt0324216
The Texas Chainsaw Massacre,tt0092076
The Texas Chainsaw Massacre,tt0420294
The Three Musketeers,tt0072281
The Twilight Saga,tt1324999
The Twilight Saga,tt1673434
The Twilight Saga,tt1325004
The Twilight Saga,tt1259571
The Visitors,tt0108500
The Visitors,tt0120882
The Whole Nine Yards,tt0190138
The Whole Nine Yards,tt0327247
X-Men,tt1430132
The Woman in Black,tt1596365
The Woman in Black,tt2339741
The X Files,tt0120902
The X Files,tt0443701
Think Like a Man,tt1621045
Think Like a Man,tt2239832
Thor,tt0800369
Thor,tt3501632
Thor,tt1981115
Three Colors,tt0108394
Three Colors,tt0111495
Three Colors,tt0111507
Tinker Bell,tt0823671
Tinker Bell,tt1216515
Tinker Bell,tt1216516
Toy Story,tt0114709
Toy Story ,tt0120363
Toy Story ,tt0435761
Toy Story,tt1979376
Transformers,tt0418279
Transformers,tt2109248
Transformers,tt1399103
Transformers,tt1055369
Transformers,tt3371366
Transporter ,tt0388482
Transporter ,tt1129442
Tremors,tt0100814
Tremors,tt0259685
Tremors,tt0334541
Tremors,tt0114720
Trolls,tt1679335
Trolls,tt6587640
Turbulence,tt0120390
Turbulence,tt0192701
Turbulence,tt0251448
Twilight,tt1099212
Under Siege,tt0105690
Under Siege,tt0114781
Underworld,tt0320691
Underworld,tt1496025
Underworld,tt0401855
Underworld,tt0834001
Undisputed,tt0281322
Undisputed,tt0443676
Undisputed,tt1156466
Universal Soldier,tt0105698
Universal Soldier,tt1659343
Universal Soldier,tt1288403
Universal Soldier,tt0176269
Urban Legend,tt0146336
Urban Legends,tt0451957
Urban Legends,tt0192731
V/H/S,tt2105044
V/H/S,tt2450186
V/H/S,tt3704538
Vacancy,tt0452702
Vacancy,tt1204979
Van Wilder,tt0480271
Van Wilder,tt1276434
Walking Tall,tt0070895
Walking Tall,tt0351977
Walking Tall,tt0073880
Walking Tall,tt0804551
Walking Tall,tt0804550
Wall Street,tt0094291
Wall Street,tt1027718
Planet of the Apes,tt3450958
Wayne's World,tt0105793
Wayne's World,tt0108525
White Noise,tt0375210
White Noise,tt0496436
Wild Things,tt0120890
Wild Things ,tt0365270
Wild Things,tt0448179
Wild Things,tt1523372
Wishmaster,tt0120524
Wishmaster,tt0156182
Wishmaster,tt0254871
Wishmaster,tt0254872
Clash of the Titans,tt1646987
Wreak-It Ralph,tt1772341
Wrong Turn,tt0295700
Wrong Turn,tt0804555
Wrong Turn,tt1261978
Wrong Turn,tt1865567
X-Men,tt0120903
X-Men,tt0458525
X-Men,tt1877832
X-Men,tt1270798
X-Men,tt0376994
X-Men,tt0290334
Young Guns,tt0096487
Young Guns,tt0100994
Zombieland,tt1156398
Zombieland,tt1560220
Zoolander,tt0196229
Zoolander,tt1608290
[Rec],tt1038988
[Rec],tt1245112
[Rec],tt1649444
[Rec],tt1649443
xXx,tt0295701
xXx,tt1293847
xXx,tt0329774