Position,Const,Title
1,tt0145487,Spider-Man
2,tt0316654,Spider-Man 2
3,tt0413300,Spider-Man 3
4,tt0133093,The Matrix
5,tt0234215,The Matrix Reloaded
6,tt0242653,The Matrix Revolutions
7,tt0120737,The Lord of the Rings: The Fellowship of the Ring
8,tt0167261,The Lord of the Rings: The Two Towers
9,tt0167260,The Lord of the Rings: The Return of the King
10,tt0088763,Back to the Future
11,tt0096874,Back to the Future Part II
12,tt0099088,Back to the Future Part III
13,tt0093409,Lethal Weapon
14,tt0097733,Lethal Weapon 2
15,tt0104714,Lethal Weapon 3
16,tt0122151,Lethal Weapon 4
17,tt0095016,Die Hard
18,tt0099423,Die Hard 2
19,tt0112864,Die Hard with a Vengeance
20,tt0337978,Live Free or Die Hard
21,tt1606378,A Good Day to Die Hard
22,tt0079501,Mad Max
23,tt0082694,Mad Max 2
24,tt0089530,Mad Max Beyond Thunderdome
25,tt0075148,Rocky
26,tt0079817,Rocky II
27,tt0084602,Rocky III
28,tt0089927,Rocky IV
29,tt0100507,Rocky V
30,tt0479143,Rocky Balboa
31,tt0083944,First Blood
32,tt0089880,Rambo: First Blood Part II
33,tt0095956,Rambo III
34,tt0462499,Rambo
35,tt0088247,The Terminator
36,tt0103064,Terminator 2: Judgment Day
37,tt0181852,Terminator 3: Rise of the Machines
38,tt0438488,Terminator Salvation
39,tt0093870,RoboCop
40,tt0100502,RoboCop 2
41,tt0107978,RoboCop 3
42,tt0120903,X-Men
43,tt0290334,X2
44,tt0376994,X-Men: The Last Stand
45,tt1270798,X: First Class
46,tt1877832,X-Men: Days of Future Past
47,tt0458525,X-Men Origins: Wolverine
48,tt1430132,The Wolverine
49,tt0232500,The Fast and the Furious
50,tt0322259,2 Fast 2 Furious
51,tt0463985,The Fast and the Furious: Tokyo Drift
52,tt1013752,Fast & Furious
53,tt1596343,Fast Five
54,tt0134847,Pitch Black
55,tt0296572,The Chronicles of Riddick
56,tt0407658,The Chronicles of Riddick: Dark Fury
57,tt1411250,Riddick
58,tt0293662,The Transporter
59,tt0388482,Transporter 2
60,tt1129442,Transporter 3
61,tt0479884,Crank
62,tt1121931,Crank: High Voltage
63,tt0078748,Alien
64,tt0090605,Aliens
65,tt0103644,Alien³
66,tt0118583,Alien Resurrection
67,tt0370263,AVP: Alien vs. Predator
68,tt0758730,AVPR: Aliens vs Predator - Requiem
69,tt0093773,Predator
70,tt0100403,Predator 2
71,tt1424381,Predators
72,tt0083907,The Evil Dead
73,tt0092991,Evil Dead II
74,tt0106308,Army of Darkness
75,tt0387564,Saw
76,tt0432348,Saw II
77,tt0489270,Saw III
78,tt0890870,Saw IV
79,tt1132626,Saw V
80,tt1233227,Saw VI
81,tt1477076,Saw 3D
82,tt0114508,Species
83,tt0120841,Species II
84,tt0410650,Species III
85,tt0844894,Species: The Awakening
86,tt0117571,Scream
87,tt0120082,Scream 2
88,tt0134084,Scream 3
89,tt1262416,Scream 4
90,tt0195714,Final Destination
91,tt0309593,Final Destination 2
92,tt0414982,Final Destination 3
93,tt1144884,The Final Destination
94,tt1622979,Final Destination 5
95,tt0320691,Underworld
96,tt0401855,Underworld: Evolution
97,tt0834001,Underworld: Rise of the Lycans
98,tt1496025,Underworld: Awakening
99,tt0099365,Darkman
100,tt0109552,Darkman II: The Return of Durant
101,tt0116033,Darkman III: Die Darkman Die
102,tt0418279,Transformers
103,tt1055369,Transformers: Revenge of the Fallen
104,tt1399103,Transformers: Dark of the Moon
105,tt0163651,American Pie
106,tt0252866,American Pie 2
107,tt0328828,American Wedding
108,tt0436058,Band Camp
109,tt0808146,The Naked Mile
110,tt0974959,Beta House
111,tt1407050,American Pie Presents: The Book of Love
112,tt0120667,Fantastic Four
113,tt0486576,4: Rise of the Silver Surfer
114,tt0286716,Hulk
115,tt0800080,The Incredible Hulk
116,tt0078346,Superman
117,tt0081573,Superman II
118,tt0086393,Superman III
119,tt0094074,Superman IV: The Quest for Peace
120,tt0139134,Cruel Intentions
121,tt0196267,Cruel Intentions 2
122,tt0391891,Cruel Intentions 3
123,tt0120890,Wild Things
124,tt0365270,Wild Things 2
125,tt0448179,Wild Things: Diamonds in the Rough
126,tt1523372,Wild Things: Foursome
127,tt0146336,Urban Legend
128,tt0192731,Urban Legends: Final Cut
129,tt0451957,Urban Legends: Bloody Mary
130,tt0330793,The Punisher
131,tt0450314,Punisher: War Zone
132,tt0096895,Batman
133,tt0103776,Batman Returns
134,tt0112462,Batman Forever
135,tt0118688,Batman & Robin
136,tt0372784,Batman Begins
137,tt0468569,The Dark Knight
138,tt1345836,The Dark Knight Rises
139,tt0167190,Hellboy
140,tt0411477,Hellboy II: The Golden Army
141,tt0120611,Blade
142,tt0187738,Blade II
143,tt0359013,Blade: Trinity
144,tt0348150,Superman Returns
145,tt0287978,Daredevil
146,tt0357277,Elektra
147,tt0109506,The Crow
148,tt0115986,The Crow: City of Angels
149,tt0132910,The Crow: Salvation
150,tt0353324,The Crow: Wicked Prayer
151,tt0119654,Men in Black
152,tt0120912,Men in Black II
153,tt1409024,Men in Black³
154,tt0120804,Resident Evil
155,tt0318627,Resident Evil: Apocalypse
156,tt0432021,Resident Evil: Extinction
157,tt1220634,Resident Evil: Afterlife
158,tt1855325,Resident Evil: Retribution
159,tt0116367,From Dusk Till Dawn
160,tt0120860,From Dusk Till Dawn 2: Texas Blood Money
161,tt0120695,From Dusk Till Dawn 3: The Hangman's Daughter
162,tt0227538,Spy Kids
163,tt0287717,Spy Kids 2: Island of Lost Dreams
164,tt0338459,Spy Kids 3: Game Over
165,tt1517489,Spy Kids 4: All the Time in the World
166,tt0119345,I Know What You Did Last Summer
167,tt0130018,I Still Know What You Did Last Summer
168,tt0356634,Garfield: The Movie
169,tt0455499,Garfield: A Tale of Two Kitties
170,tt0371746,Iron Man
171,tt1228705,Iron Man 2
172,tt1300854,Iron Man Three
173,tt0126029,Shrek
174,tt0298148,Shrek 2
175,tt0413267,Shrek the Third
176,tt0892791,Shrek Forever After
177,tt0823671,Tinker Bell
178,tt1216516,Tinker Bell and the Lost Treasure
179,tt1216515,Tinker Bell and the Great Fairy Rescue
180,tt1450334,Pixie Hollow Games
181,tt1217213,Secret of the Wings
182,tt0116607,If These Walls Could Talk
183,tt0206036,If These Walls Could Talk 2
184,tt0107290,Jurassic Park
185,tt0119567,The Lost World: Jurassic Park
186,tt0163025,Jurassic Park III
187,tt0369610,Jurassic World
188,tt0120915,Star Wars: Episode I - The Phantom Menace
189,tt0121765,Star Wars: Episode II - Attack of the Clones
190,tt0121766,Star Wars: Episode III - Revenge of the Sith
191,tt0076759,Star Wars
192,tt0080684,Star Wars: Episode V - The Empire Strikes Back
193,tt0086190,Star Wars: Episode VI - Return of the Jedi
194,tt0145660,Austin Powers: The Spy Who Shagged Me
195,tt0118655,Austin Powers: International Man of Mystery
196,tt0295178,Austin Powers in Goldmember
197,tt1218992,Austin Powers 4
198,tt1099212,Twilight
199,tt1259571,The Twilight Saga: New Moon
200,tt1325004,The Twilight Saga: Eclipse
201,tt1324999,The Twilight Saga: Breaking Dawn - Part 1
202,tt1673434,The Twilight Saga: Breaking Dawn - Part 2
203,tt0425430,The Messengers
204,tt1299653,Messengers 2: The Scarecrow
205,tt0266697,Kill Bill: Vol. 1
206,tt0378194,Kill Bill: Vol. 2
207,tt0120746,The Mask of Zorro
208,tt0386140,The Legend of Zorro
209,tt0087332,Ghostbusters
210,tt0097428,Ghostbusters II
211,tt0111070,The Santa Clause
212,tt0304669,The Santa Clause 2
213,tt0452681,The Santa Clause 3: The Escape Clause
214,tt0118998,Doctor Dolittle
215,tt0240462,Dr. Dolittle 2
216,tt0481513,Dr. Dolittle 3
217,tt1024724,Dr. Dolittle: Tail to the Chief
218,tt1080926,Dr. Dolittle: Million Dollar Mutts
219,tt0117218,The Nutty Professor
220,tt0144528,Nutty Professor II: The Klumps
221,tt0086960,Beverly Hills Cop
222,tt0092644,Beverly Hills Cop II
223,tt0109254,Beverly Hills Cop III
224,tt0083511,48 Hrs.
225,tt0099044,Another 48 Hrs.
226,tt0101862,Father of the Bride
227,tt0113041,Father of the Bride Part II
228,tt0111257,Speed
229,tt0120179,Speed 2: Cruise Control
230,tt0175142,Scary Movie
231,tt0257106,Scary Movie 2
232,tt0306047,Scary Movie 3
233,tt0362120,Scary Movie 4
234,tt0795461,Scary Movie 5
235,tt0298130,The Ring
236,tt0377109,The Ring Two
237,tt0092076,The Texas Chainsaw Massacre 2
238,tt0099994,Leatherface: Texas Chainsaw Massacre III
239,tt0110978,The Return of the Texas Chainsaw Massacre
240,tt0324216,The Texas Chainsaw Massacre
241,tt0420294,The Texas Chainsaw Massacre: The Beginning
242,tt0212338,Meet the Parents
243,tt0290002,Meet the Fockers
244,tt0970866,Little Fockers
245,tt0184894,Shanghai Noon
246,tt0300471,Shanghai Knights
247,tt0118615,Anaconda
248,tt0366174,Anacondas: The Hunt for the Blood Orchid
249,tt1137996,Anaconda: Offspring
250,tt1150934,Anacondas 4: Trail of Blood
251,tt0159273,Behind Enemy Lines
252,tt0497329,Behind Enemy Lines II: Axis of Evil
253,tt1208647,Behind Enemy Lines: Colombia
254,tt0419946,The Marine
255,tt1266027,The Marine 2
256,tt0351977,Walking Tall
257,tt0804550,Walking Tall: The Payback
258,tt0804551,Walking Tall: Lone Justice
259,tt0070895,Walking Tall
260,tt0073880,Part 2: Walking Tall
261,tt0076028,Final Chapter: Walking Tall
262,tt0452702,Vacancy
263,tt1204979,Vacancy 2: The First Cut
264,tt0450278,Hostel
265,tt0498353,Hostel: Part II
266,tt1255916,Hostel: Part III
267,tt0160127,Charlie's Angels
268,tt0305357,Charlie's Angels: Full Throttle
269,tt0112442,Bad Boys
270,tt0172156,Bad Boys II
271,tt1502397,Bad Boys for Life
272,tt0208003,Big Momma's House
273,tt0421729,Big Momma's House 2
274,tt1464174,"Big Mommas: Like Father, Like Son"
275,tt0400717,Open Season
276,tt1107365,Open Season 2
277,tt1646926,Open Season 3
278,tt0391198,The Grudge
279,tt0433386,The Grudge 2
280,tt1053859,The Grudge 3
281,tt0283111,National Lampoon's Van Wilder
282,tt0480271,Van Wilder 2: The Rise of Taj
283,tt1276434,Van Wilder: Freshman Year
284,tt0289879,The Butterfly Effect
285,tt0457297,The Butterfly Effect 2
286,tt1234541,The Butterfly Effect 3: Revelations
287,tt0366551,Harold & Kumar Go to White Castle
288,tt0481536,Harold & Kumar Escape from Guantanamo Bay
289,tt1268799,A Very Harold & Kumar 3D Christmas
290,tt0164052,Hollow Man
291,tt0469916,Hollow Man II
292,tt0120201,Starship Troopers
293,tt0367093,Starship Troopers 2: Hero of the Federation
294,tt0844760,Starship Troopers 3: Marauder
295,tt0268380,Ice Age
296,tt0438097,Ice Age: The Meltdown
297,tt1080016,Ice Age: Dawn of the Dinosaurs
298,tt2100546,Ice Age: A Mammoth Christmas
299,tt1667889,Ice Age: Continental Drift
300,tt0351283,Madagascar
301,tt0479952,Madagascar: Escape 2 Africa
302,tt1277953,Madagascar 3: Europe's Most Wanted
303,tt0441773,Kung Fu Panda
304,tt1302011,Kung Fu Panda 2
305,tt0110357,The Lion King
306,tt0120131,The Lion King II: Simba's Pride
307,tt0318403,The Lion King 1½
308,tt0097757,The Little Mermaid
309,tt0240684,The Little Mermaid II: Return to the Sea
310,tt0969647,The Little Mermaid: Ariel's Beginning
311,tt0337697,The Prince & Me
312,tt0477072,The Prince & Me II: The Royal Wedding
313,tt1094198,The Prince & Me 3: A Royal Honeymoon
314,tt1340161,The Prince & Me: The Elephant Adventure
315,tt0247638,The Princess Diaries
316,tt0368933,The Princess Diaries 2: Royal Engagement
317,tt0243155,Bridget Jones's Diary
318,tt0317198,Bridget Jones: The Edge of Reason
319,tt1473832,Bridget Jones's Baby
320,tt0120762,Mulan
321,tt0279967,Mulan II
322,tt0034492,Bambi
323,tt0447854,Bambi II
324,tt0258463,The Bourne Identity
325,tt0372183,The Bourne Supremacy
326,tt0440963,The Bourne Ultimatum
327,tt1194173,The Bourne Legacy
328,tt0082406,The Fox and the Hound
329,tt0465997,The Fox and the Hound 2
330,tt0118767,Brat
331,tt0238883,Brat 2
332,tt0328880,Brother Bear
333,tt0465925,Brother Bear 2
334,tt0099277,Class of 1999
335,tt0109442,Class of 1999 II: The Substitute
336,tt1384590,Green Lantern: First Flight
337,tt1683043,Green Lantern: Emerald Knights
338,tt0800320,Clash of the Titans
339,tt1646987,Wrath of the Titans
340,tt0077651,Halloween
341,tt0082495,Halloween II
342,tt0085636,Halloween III: Season of the Witch
343,tt0095271,Halloween 4: The Return of Michael Myers
344,tt0097474,Halloween 5: The Revenge of Michael Myers
345,tt0113253,Halloween: The Curse of Michael Myers
346,tt0120694,Halloween H20: 20 Years Later
347,tt0220506,Halloween: Resurrection
348,tt0373883,Halloween
349,tt1311067,Halloween II
350,tt1502407,Halloween
351,tt0206314,Joy Ride
352,tt1140941,Joy Ride 2: Dead Ahead
353,tt0295700,Wrong Turn
354,tt0804555,Wrong Turn 2: Dead End
355,tt1261978,Wrong Turn 3: Left for Dead
356,tt1865567,Wrong Turn 4: Bloody Beginnings
357,tt0120524,Wishmaster
358,tt0156182,Wishmaster 2: Evil Never Dies
359,tt0254871,Wishmaster 3: Beyond the Gates of Hell
360,tt0254872,Wishmaster 4: The Prophecy Fulfilled
361,tt0102059,Hot Shots!
362,tt0107144,Hot Shots! Part Deux
363,tt0095705,The Naked Gun: From the Files of Police Squad!
364,tt0102510,The Naked Gun 2½: The Smell of Fear
365,tt0110622,Naked Gun 33 1/3: The Final Insult
366,tt0822832,Marley & Me
367,tt1704614,Marley & Me: The Puppy Years
368,tt1014775,Beverly Hills Chihuahua
369,tt1482393,Beverly Hills Chihuahua 2
370,tt0477347,Night at the Museum
371,tt1078912,Night at the Museum: Battle of the Smithsonian
372,tt0101414,Beauty and the Beast
373,tt0118692,Beauty and the Beast: The Enchanted Christmas
374,tt0167038,Beauty and the Beast: Belle's Magical World
375,tt0042332,Cinderella
376,tt0291082,Cinderella II: Dreams Come True
377,tt0465940,Cinderella III: A Twist in Time
378,tt0356470,A Cinderella Story
379,tt1071358,Another Cinderella Story
380,tt1814614,A Cinderella Story: Once Upon a Song
381,tt0093177,Hellraiser
382,tt0095294,Hellbound: Hellraiser II
383,tt0104409,Hellraiser III: Hell on Earth
384,tt0116514,Hellraiser: Bloodline
385,tt0229440,Hellraiser: Inferno
386,tt0274546,Hellraiser: Hellseeker
387,tt0337636,Hellraiser: Deader
388,tt0354623,Hellraiser: Hellworld
389,tt1716747,Hellraiser: Revelations
390,tt0887261,Hellraiser
391,tt0103919,Candyman
392,tt0112625,Candyman: Farewell to the Flesh
393,tt0165662,Candyman: Day of the Dead
394,tt0263488,Jeepers Creepers
395,tt0301470,Jeepers Creepers 2
396,tt1139592,Jeepers Creepers 3
397,tt0357507,Boogeyman
398,tt0900357,Boogeyman 2
399,tt1204883,Boogeyman 3
400,tt0080464,The Boogey Man
401,tt0085266,Revenge of the Boogeyman
402,tt0162889,Return of the Boogeyman
403,tt0114194,The Prophecy
404,tt0118643,The Prophecy II
405,tt0183678,The Prophecy 3: The Ascent
406,tt0365658,The Prophecy: Uprising
407,tt0439771,The Prophecy: Forsaken
408,tt0421073,Street Kings
409,tt1707687,Street Kings 2: Motor City
410,tt0257076,S.W.A.T.
411,tt1621429,S.W.A.T.: Firefight
412,tt0075005,The Omen
413,tt0077394,Damien: Omen II
414,tt0082377,The Final Conflict
415,tt0102585,Omen IV: The Awakening
416,tt0462590,Step Up
417,tt1023481,Step Up 2: The Streets
418,tt1193631,Step Up 3D
419,tt1800741,Step Up Revolution
420,tt0206275,Save the Last Dance
421,tt0486656,Save the Last Dance 2
422,tt0087538,The Karate Kid
423,tt0091326,The Karate Kid Part II
424,tt0097647,The Karate Kid Part III
425,tt0110657,The Next Karate Kid
426,tt1155076,The Karate Kid
427,tt1674782,Untitled Karate Kid Movie
428,tt0120616,The Mummy
429,tt0209163,The Mummy Returns
430,tt0859163,The Mummy: Tomb of the Dragon Emperor
431,tt0277296,The Scorpion King
432,tt1104123,The Scorpion King 2: Rise of a Warrior
433,tt0952640,Alvin and the Chipmunks
434,tt1231580,Alvin and the Chipmunks: The Squeakquel
435,tt1615918,Alvin and the Chipmunks: Chipwrecked
436,tt0106977,The Fugitive
437,tt0120873,U.S. Marshals
438,tt0119675,Mimic
439,tt0239641,Mimic 2
440,tt0330634,Mimic: Sentinel
441,tt0122933,Analyze This
442,tt0289848,Analyze That
443,tt0190138,The Whole Nine Yards
444,tt0327247,The Whole Ten Yards
445,tt0101272,The Addams Family
446,tt0106220,Addams Family Values
447,tt0108171,Sniper
448,tt0338450,Sniper 2
449,tt0408196,Sniper 3
450,tt1571243,Sniper: Reloaded
451,tt1000774,Sex and the City
452,tt1261945,Sex and the City 2
453,tt0258827,Mädchen Mädchen!
454,tt0385891,Mädchen Mädchen 2
455,tt0105793,Wayne's World
456,tt0108525,Wayne's World 2
457,tt0067116,The French Connection
458,tt0073018,French Connection II
459,tt0110475,The Mask
460,tt0362165,Son of the Mask
461,tt0383216,The Pink Panther
462,tt0838232,The Pink Panther 2
463,tt0102926,The Silence of the Lambs
464,tt0212985,Hannibal
465,tt0289765,Red Dragon
466,tt0367959,Hannibal Rising
467,tt0091474,Manhunter
468,tt0418819,Land of the Dead
469,tt0087800,A Nightmare on Elm Street
470,tt0089686,A Nightmare on Elm Street Part 2: Freddy's Revenge
471,tt0093629,A Nightmare on Elm Street 3: Dream Warriors
472,tt0095742,A Nightmare on Elm Street 4: The Dream Master
473,tt0097981,A Nightmare on Elm Street: The Dream Child
474,tt0101917,Freddy's Dead: The Final Nightmare
475,tt0111686,Wes Craven's New Nightmare
476,tt1179056,A Nightmare on Elm Street
477,tt0329101,Freddy vs. Jason
478,tt0080761,Friday the 13th
479,tt0082418,Friday the 13th Part 2
480,tt0083972,Friday the 13th Part III
481,tt0087298,Friday the 13th: The Final Chapter
482,tt0089173,Friday the 13th: A New Beginning
483,tt0091080,Jason Lives: Friday the 13th Part VI
484,tt0095179,Friday the 13th Part VII: The New Blood
485,tt0097388,Friday the 13th Part VIII: Jason Takes Manhattan
486,tt0107254,Jason Goes to Hell: The Final Friday
487,tt0758746,Friday the 13th
488,tt0325980,Pirates of the Caribbean: The Curse of the Black Pearl
489,tt0383574,Pirates of the Caribbean: Dead Man's Chest
490,tt0449088,Pirates of the Caribbean: At World's End
491,tt1298650,Pirates of the Caribbean: On Stranger Tides
492,tt0146316,Lara Croft: Tomb Raider
493,tt0325703,Lara Croft: Tomb Raider - The Cradle of Life
494,tt0068646,The Godfather
495,tt0071562,The Godfather Part II
496,tt0099674,The Godfather Part III
497,tt0240772,Ocean's Eleven
498,tt0349903,Ocean's Twelve
499,tt0496806,Ocean's Thirteen
500,tt0063442,Planet of the Apes
501,tt0065462,Beneath the Planet of the Apes
502,tt0067065,Escape from the Planet of the Apes
503,tt0068408,Conquest of the Planet of the Apes
504,tt0069768,Battle for the Planet of the Apes
505,tt0344854,Arthur et les Minimoys
506,tt0940657,Arthur et la vengeance de Maltazard
507,tt0940656,Arthur 3: la guerre des deux mondes
508,tt0349205,Cheaper by the Dozen
509,tt0452598,Cheaper by the Dozen 2
510,tt0109040,Ace Ventura: Pet Detective
511,tt0112281,Ace Ventura: When Nature Calls
512,tt0396752,Nanny McPhee
513,tt1415283,Nanny McPhee and the Big Bang
514,tt0108108,Sharpe's Rifles
515,tt0108107,Sharpe's Eagle
516,tt0111156,Sharpe's Company
517,tt0111157,Sharpe's Enemy
518,tt0111158,Sharpe's Honour
519,tt0114417,Sharpe's Gold
520,tt0114416,Sharpe's Battle
521,tt0114418,Sharpe's Sword
522,tt0117621,Sharpe's Regiment
523,tt0117622,Sharpe's Siege
524,tt0117620,Sharpe's Mission
525,tt0120110,Sharpe's Revenge
526,tt0120109,Sharpe's Justice
527,tt0120111,Sharpe's Waterloo
528,tt0480002,Sharpe's Challenge
529,tt1181849,Sharpe's Peril
530,tt1320253,The Expendables
531,tt1764651,The Expendables 2
532,tt1046173,G.I. Joe: The Rise of Cobra
533,tt1583421,G.I. Joe: Retaliation
534,tt0120390,Turbulence
535,tt0192701,Turbulence 2: Fear of Flying
536,tt0251448,Turbulence 3: Heavy Metal
537,tt0105698,Universal Soldier
538,tt0176269,Universal Soldier: The Return
539,tt1288403,Universal Soldier: Regeneration
540,tt1659343,Universal Soldier: Day of Reckoning
541,tt0190374,Dungeons & Dragons
542,tt0406728,Dungeons & Dragons: Wrath of the Dragon God
543,tt1733125,Dungeons & Dragons: The Book of Vile Darkness
544,tt0412915,The Librarian: Quest for the Spear
545,tt0455596,The Librarian: Return to King Solomon's Mines
546,tt1146438,The Librarian: The Curse of the Judas Chalice
547,tt0403358,Nochnoy dozor
548,tt0409904,Dnevnoy dozor
549,tt0127536,Elizabeth
550,tt0414055,Elizabeth: The Golden Age
551,tt0241527,Harry Potter and the Sorcerer's Stone
552,tt0295297,Harry Potter and the Chamber of Secrets
553,tt0304141,Harry Potter and the Prisoner of Azkaban
554,tt0330373,Harry Potter and the Goblet of Fire
555,tt0373889,Harry Potter and the Order of the Phoenix
556,tt0417741,Harry Potter and the Half-Blood Prince
557,tt0926084,Harry Potter and the Deathly Hallows - Part 1
558,tt1201607,Harry Potter and the Deathly Hallows - Part 2
559,tt0289043,28 Days Later...
560,tt0463854,28 Weeks Later
561,tt0382625,The Da Vinci Code
562,tt0808151,Angels & Demons
563,tt0144117,The Boondock Saints
564,tt1300851,The Boondock Saints II: All Saints Day
565,tt0092890,Dirty Dancing
566,tt0338096,Dirty Dancing: Havana Nights
567,tt0246578,Donnie Darko
568,tt1231277,S. Darko
569,tt0345591,Love Comes Softly
570,tt0402348,Love's Enduring Promise
571,tt0486420,Love's Long Journey
572,tt0785025,Love's Abiding Joy
573,tt0929864,Love's Unending Legacy
574,tt0960143,Love's Unfolding Dream
575,tt0259324,Ghost Rider
576,tt1071875,Ghost Rider: Spirit of Vengeance
577,tt0070047,The Exorcist
578,tt0076009,Exorcist II: The Heretic
579,tt0099528,The Exorcist III
580,tt0204313,Exorcist: The Beginning
581,tt0449086,Dominion: Prequel to the Exorcist
582,tt1320244,The Last Exorcism
583,tt0120902,The X Files
584,tt0443701,The X Files: I Want to Believe
585,tt0228786,Les rivières pourpres
586,tt0337103,Les rivières pourpres II - Les anges de l'apocalypse
587,tt0108500,Les visiteurs
588,tt0120882,Les couloirs du temps: Les visiteurs II
589,tt0266308,Batoru rowaiaru
590,tt0338763,Batoru rowaiaru II: Chinkonka
591,tt0086425,Terms of Endearment
592,tt0116240,The Evening Star
593,tt0366548,Happy Feet
594,tt1402488,Happy Feet Two
595,tt0088011,Romancing the Stone
596,tt0089370,The Jewel of the Nile
597,tt0098621,The War of the Roses
598,tt0097778,Look Who's Talking
599,tt0100050,Look Who's Talking Too
600,tt0107438,Look Who's Talking Now
601,tt0250494,Legally Blonde
602,tt0333780,"Legally Blonde 2: Red, White & Blonde"
603,tt0144084,American Psycho
604,tt0283877,American Psycho II: All American Girl
605,tt0267913,Scooby-Doo
606,tt0331632,Scooby-Doo 2: Monsters Unleashed
607,tt0099785,Home Alone
608,tt0104431,Home Alone 2: Lost in New York
609,tt0119303,Home Alone 3
610,tt0329200,Home Alone 4: Taking Back the House
611,tt0112453,Balto
612,tt0281634,Balto: Wolf Quest
613,tt0423849,Balto III: Wings of Change
614,tt1259014,L'instinct de mort
615,tt0411272,L'ennemi public n°1
616,tt0068655,Le grand blond avec une chaussure noire
617,tt0072080,Le retour du grand blond
618,tt0972558,Obitaemyy ostrov
619,tt1399952,Obitaemyy ostrov. Skhvatka
620,tt0976209,Lyubov-Morkov
621,tt1414840,Lyubov 2 Morkov
622,tt1666169,Lyubov-Morkov 3
623,tt0459924,Paragraf 78
624,tt1097014,Paragraf 78 - Film vtoroy
625,tt0325005,[Anti]killer
626,tt0405699,Antikiller 2: Antiterror
627,tt1532261,Antikiller D.K.
628,tt0233657,Epoch
629,tt0374286,Epoch: Evolution
630,tt0091949,Short Circuit
631,tt0096101,Short Circuit 2
632,tt0960790,Keinohrhasen
633,tt1343755,Zweiohrküken
634,tt0098084,Pet Sematary
635,tt0105128,Pet Sematary II
636,tt0072281,The Three Musketeers
637,tt0073012,The Four Musketeers
638,tt1648216,3 metros sobre el cielo
639,tt1797504,Tengo ganas de ti
640,tt0091064,The Fly
641,tt0097368,The Fly II
642,tt0120812,Rush Hour
643,tt0266915,Rush Hour 2
644,tt0293564,Rush Hour 3
645,tt2324606,Rush Hour 4
646,tt0087928,Police Academy
647,tt0089822,Police Academy 2: Their First Assignment
648,tt0091777,Police Academy 3: Back in Training
649,tt0093756,Police Academy 4: Citizens on Patrol
650,tt0095882,Police Academy 5: Assignment: Miami Beach
651,tt0098105,Police Academy 6: City Under Siege
652,tt0110857,Police Academy: Mission to Moscow
653,tt1179904,Paranormal Activity
654,tt1536044,Paranormal Activity 2
655,tt1778304,Paranormal Activity 3
656,tt2109184,Paranormal Activity 4
657,tt0066999,Dirty Harry
658,tt0070355,Magnum Force
659,tt0086383,Sudden Impact
660,tt0094963,The Dead Pool
661,tt0074483,The Enforcer
662,tt0475394,Smokin' Aces
663,tt1319743,Smokin' Aces 2: Assassins' Ball
664,tt0105690,Under Siege
665,tt0114781,Under Siege 2: Dark Territory
666,tt0452608,Death Race
667,tt1500491,Death Race 2
668,tt1988591,Death Race 3: Inferno
669,tt0480239,Atlas Shrugged: Part I
670,tt1985017,Atlas Shrugged II: The Strike
671,tt0368891,National Treasure
672,tt0465234,National Treasure: Book of Secrets
673,tt1197627,National Treasure 3
674,tt1119646,The Hangover
675,tt1411697,The Hangover Part II
676,tt1951261,The Hangover Part III
677,tt0205000,Deuce Bigalow: Male Gigolo
678,tt0367652,Deuce Bigalow: European Gigolo
679,tt0089155,Fletch
680,tt0097366,Fletch Lives
681,tt0317248,Cidade de Deus
682,tt0870090,Cidade dos Homens
683,tt0861739,Tropa de Elite
684,tt1555149,Tropa de Elite 2: O Inimigo Agora é Outro
685,tt1250777,Kick-Ass
686,tt1650554,Kick-Ass 2
687,tt1245526,RED
688,tt1821694,RED 2
689,tt0134119,The Talented Mr. Ripley
690,tt0265651,Ripley's Game
691,tt0219171,Ripley Under Ground
692,tt0082340,Escape from New York
693,tt0116225,Escape from L.A.
694,tt0104692,The Lawnmower Man
695,tt0116839,Lawnmower Man 2: Beyond Cyberspace
696,tt0097523,"Honey, I Shrunk the Kids"
697,tt0104437,"Honey, I Blew Up the Kid"
698,tt0119310,"Honey, We Shrunk Ourselves!"
699,tt0322589,Honey
700,tt1657283,Honey 2
701,tt0054215,Psycho
702,tt0086154,Psycho II
703,tt0106950,Fortress
704,tt0179183,Fortress 2
705,tt0375210,White Noise
706,tt0496436,White Noise 2: The Light
707,tt0088933,Cocoon
708,tt0094890,Cocoon: The Return
709,tt0489099,Jumper
710,tt1259574,Red Riding: The Year of Our Lord 1974
711,tt1260581,Red Riding: The Year of Our Lord 1980
712,tt1259573,Red Riding: The Year of Our Lord 1983
713,tt0275847,Lilo & Stitch
714,tt0457993,Lilo & Stitch 2: Stitch Has a Glitch
715,tt0403508,The Sisterhood of the Traveling Pants
716,tt1018785,The Sisterhood of the Traveling Pants 2
717,tt0307987,Bad Santa
718,tt1798603,Bad Santa 2
719,tt0414852,Banlieue 13
720,tt1247640,Banlieue 13: Ultimatum
721,tt0152930,Taxi
722,tt0183869,Taxi 2
723,tt0295721,Taxi 3
724,tt0804540,Taxi 4
725,tt0212346,Miss Congeniality
726,tt0385307,Miss Congeniality 2: Armed and Fabulous
727,tt0114367,Screamers
728,tt1214983,Screamers: The Hunting
729,tt0343818,"I, Robot"
730,tt0480249,I Am Legend
731,tt1167498,Untitled I Am Legend Reboot
732,tt0988045,Sherlock Holmes
733,tt1515091,Sherlock Holmes: A Game of Shadows
734,tt0079945,Star Trek: The Motion Picture
735,tt0084726,Star Trek II: The Wrath of Khan
736,tt0088170,Star Trek III: The Search for Spock
737,tt0092007,Star Trek IV: The Voyage Home
738,tt0098382,Star Trek V: The Final Frontier
739,tt0102975,Star Trek VI: The Undiscovered Country
740,tt0111280,Star Trek: Generations
741,tt0117731,Star Trek: First Contact
742,tt0120844,Star Trek: Insurrection
743,tt0253754,Star Trek: Nemesis
744,tt0103772,Basic Instinct
745,tt0430912,Basic Instinct 2
746,tt0281322,Undisputed
747,tt0443676,Undisputed II: Last Man Standing
748,tt1156466,Undisputed III: Redemption
749,tt1174954,Resident Evil: Degeneration
750,tt1753496,Resident Evil: Damnation
751,tt0948470,The Amazing Spider-Man
752,tt1872181,The Amazing Spider-Man 2
753,tt0985694,Machete
754,tt2002718,Machete Kills
755,tt2002719,Machete Kills in Space
756,tt1232829,21 Jump Street
757,tt2294449,22 Jump Street
758,tt0115571,The Arrival
759,tt0122961,The Second Arrival
760,tt0134273,8MM
761,tt0448172,8MM 2
762,tt1132620,Män som hatar kvinnor
763,tt1216487,Flickan som lekte med elden
764,tt1343097,Luftslottet som sprängdes
765,tt0369226,Alone in the Dark
766,tt0913951,Alone in the Dark II
767,tt0383222,BloodRayne
768,tt0896036,BloodRayne II: Deliverance
769,tt1153546,BloodRayne: The Third Reich
770,tt0460780,In the Name of the King: A Dungeon Siege Tale
771,tt1767319,In the Name of the King: Two Worlds
772,tt2379386,In the Name of the King: The Last Mission
773,tt0123755,Cube
774,tt0285492,Cube 2: Hypercube
775,tt0377713,Cube Zero
776,tt1928330,Bad Ass
777,tt2996648,Bad Ass 2: Bad Asses
778,tt1160368,12 Rounds
779,tt2317524,12 Rounds 2: Reloaded
780,tt2334841,The Marine 3: Homefront
781,tt1591095,Insidious
782,tt2226417,Insidious: Chapter 2
783,tt3195644,Insidious: Chapter 3
784,tt1470827,Monsters
785,tt1935302,Monsters: Dark Continent
786,tt1840309,Divergent
787,tt2908446,Insurgent
788,tt3410834,Allegiant
789,tt1436562,Rio
790,tt2357291,Rio 2
791,tt0418763,Jarhead
792,tt3699508,Jarhead 2: Field of Fire
793,tt1412386,The Best Exotic Marigold Hotel
794,tt2555736,The Second Best Exotic Marigold Hotel
795,tt1937390,Nymphomaniac: Vol. I
796,tt2382009,Nymphomaniac: Vol. II
797,tt1490017,The Lego Movie
798,tt3513498,The Lego Movie 2: The Second Part
799,tt1905041,Furious 6
800,tt2820852,Fast & Furious 7
801,tt1596365,The Woman in Black
802,tt2339741,The Woman in Black 2: Angel of Death
803,tt1740047,The Trip
804,tt2967006,The Trip to Italy
805,tt0168501,The Best Man
806,tt2083355,The Best Man Holiday
807,tt0313911,Agent Cody Banks
808,tt0358349,Agent Cody Banks 2: Destination London
809,tt0115433,101 Dalmatians
810,tt0211181,102 Dalmatians
811,tt0357413,Anchorman: The Legend of Ron Burgundy
812,tt1229340,Anchorman 2: The Legend Continues
813,tt0091431,Lung hing foo dai
814,tt0099558,Fei ying gai wak
815,tt1424310,Shi er shengxiao
816,tt0089374,Ging chaat goo si
817,tt0095403,Ging chaat goo si juk jaap
818,tt0104558,Ging chaat goo si III: Chiu kup ging chaat
819,tt0106544,Chiu kup gai wak
820,tt0386005,San ging chaat goo si
821,tt2599716,Jing cha gu shi 2013
822,tt0116704,Ging chaat goo si 4: Gaan dan yam mo
823,tt0112471,Before Sunrise
824,tt0381681,Before Sunset
825,tt2209418,Before Midnight
826,tt0133385,Astérix & Obélix contre César
827,tt0250223,Astérix & Obélix : Mission Cléopâtre
828,tt0463872,Astérix aux jeux olympiques
829,tt1597522,Astérix & Obélix : Au service de sa Majesté
830,tt0100814,Tremors
831,tt0114720,Tremors II: Aftershocks
832,tt0259685,Tremors 3: Back to Perfection
833,tt0334541,Tremors 4: The Legend Begins
834,tt2109248,Transformers: Age of Extinction
835,tt3371366,Transformers: The Last Knight
836,tt1291150,Teenage Mutant Ninja Turtles
837,tt3949660,Teenage Mutant Ninja Turtles: Out of the Shadows
838,tt0455944,The Equalizer
839,tt3766354,The Equalizer 2
840,tt1392170,The Hunger Games
841,tt1951264,The Hunger Games: Catching Fire
842,tt1951265,The Hunger Games: Mockingjay - Part 1
843,tt1951266,The Hunger Games: Mockingjay - Part 2
844,tt0203408,The Omega Code
845,tt0263728,Megiddo: The Omega Code 2
846,tt1408253,Ride Along
847,tt2869728,Ride Along 2
848,tt1204342,The Muppets
849,tt2281587,Muppets Most Wanted
850,tt0079588,The Muppet Movie
851,tt0087755,The Muppets Take Manhattan
852,tt0082474,The Great Muppet Caper
853,tt0158811,Muppets from Space
854,tt2243537,A Haunted House
855,tt2828996,A Haunted House 2
856,tt1621045,Think Like a Man
857,tt2239832,Think Like a Man Too
858,tt0378109,Into the Blue
859,tt0865907,Into the Blue 2: The Reef
860,tt0090887,Critters
861,tt0094919,Critters 2
862,tt0101627,Critters 3
863,tt0101628,Critters 4
864,tt1564349,Dolphin Tale
865,tt2978462,Dolphin Tale 2
866,tt1231587,Hot Tub Time Machine
867,tt2637294,Hot Tub Time Machine 2
868,tt1114740,Paul Blart: Mall Cop
869,tt3450650,Paul Blart: Mall Cop 2
870,tt1499658,Horrible Bosses
871,tt2170439,Horrible Bosses 2
872,tt0435625,The Descent
873,tt1073105,The Descent: Part 2
874,tt1082868,Quarantine
875,tt1699231,Quarantine 2: Terminal
876,tt1038988,[Rec]
877,tt1245112,[Rec]²
878,tt1649444,[Rec]³: Génesis
879,tt1649443,[Rec] 4: Apocalipsis
880,tt2105044,V/H/S
881,tt2450186,V/H/S/2
882,tt3704538,V/H/S Viral
883,tt1703199,Grave Encounters
884,tt2231554,Grave Encounters 2
885,tt0082010,An American Werewolf in London
886,tt0118604,An American Werewolf in Paris
887,tt0080455,The Blues Brothers
888,tt0118747,Blues Brothers 2000
889,tt0058089,Fantômas
890,tt0059168,Fantômas se déchaîne
891,tt0060400,Fantômas contre Scotland Yard
892,tt0106519,Carlito's Way
893,tt0427038,Carlito's Way: Rise to Power
894,tt0486597,The Hunt for Eagle One
895,tt0816527,The Hunt for Eagle One: Crash Point
896,tt0185908,The Base
897,tt0236013,Guilty as Charged
898,tt0089175,Fright Night
899,tt0097390,Fright Night Part 2
900,tt1438176,Fright Night
901,tt2486630,Fright Night 2
902,tt0094862,Child's Play
903,tt0099253,Child's Play 2
904,tt0103956,Child's Play 3
905,tt0144120,Bride of Chucky
906,tt0387575,Seed of Chucky
907,tt2230358,Curse of Chucky
908,tt3280262,Cult of Chucky
909,tt0425061,Get Smart
910,tt1386925,The Dead
911,tt2917336,The Dead 2: India
912,tt0209958,The Cell
913,tt1185837,The Cell 2
914,tt0097815,Major League
915,tt0110442,Major League II
916,tt0120742,Major League: Back to the Minors
917,tt0790686,Mirrors
918,tt1576699,Mirrors 2
919,tt0464154,Piranha 3D
920,tt1714203,Piranha 3DD
921,tt0454841,The Hills Have Eyes
922,tt0800069,The Hills Have Eyes II
923,tt1242432,I Spit on Your Grave
924,tt2537176,I Spit on Your Grave 2
925,tt0844479,The Collector
926,tt1748227,The Collection
927,tt0077681,The Hills Have Eyes
928,tt0089274,The Hills Have Eyes Part II
929,tt0389722,30 Days of Night
930,tt1320304,30 Days of Night: Dark Days
931,tt0472399,The Mechanic
932,tt3522806,Mechanic: Resurrection
933,tt1637725,Ted
934,tt2637276,Ted 2
935,tt0084516,Poltergeist
936,tt0091778,Poltergeist II: The Other Side
937,tt0095889,Poltergeist III
938,tt1899353,Serbuan maut
939,tt2265171,Serbuan maut 2: Berandal
940,tt0034587,Cat People
941,tt0036733,The Curse of the Cat People
942,tt0903624,The Hobbit: An Unexpected Journey
943,tt1170358,The Hobbit: The Desolation of Smaug
944,tt2310332,The Hobbit: The Battle of the Five Armies
945,tt0094291,Wall Street
946,tt1027718,Wall Street: Money Never Sleeps
947,tt0058461,Per un pugno di dollari
948,tt0059578,Per qualche dollaro in più
949,tt0060196,"Il buono, il brutto, il cattivo"
950,tt0096487,Young Guns
951,tt0100994,Young Guns II
952,tt0266543,Finding Nemo
953,tt2277860,Finding Dory
954,tt0103759,Bad Lieutenant
955,tt1095217,The Bad Lieutenant: Port of Call - New Orleans
956,tt0936501,Taken
957,tt1397280,Taken 2
958,tt2446042,Taken 3
959,tt0085127,'A' gai wak
960,tt0092501,'A' gai wak 2
961,tt1060277,Cloverfield
962,tt1179933,10 Cloverfield Lane
963,tt2302755,Olympus Has Fallen
964,tt3300542,London Has Fallen
965,tt0770828,Man of Steel
966,tt2975590,Batman v Superman: Dawn of Justice
967,tt0974015,Justice League
968,tt0848228,The Avengers
969,tt2395427,Avengers: Age of Ultron
970,tt4154756,Avengers: Infinity War
971,tt4154796,Avengers: Endgame
972,tt0800369,Thor
973,tt1981115,Thor: The Dark World
974,tt3501632,Thor: Ragnarok
975,tt0458339,Captain America: The First Avenger
976,tt1843866,Captain America: The Winter Soldier
977,tt3498820,Captain America: Civil War
978,tt1431045,Deadpool
979,tt5463162,Deadpool 2
980,tt2184339,The Purge
981,tt2975578,The Purge: Anarchy
982,tt4094724,The Purge: Election Year
983,tt0196229,Zoolander
984,tt1608290,Zoolander 2
985,tt1014759,Alice in Wonderland
986,tt2567026,Alice Through the Looking Glass
987,tt0116629,Independence Day
988,tt1628841,Independence Day: Resurgence
989,tt0217869,Unbreakable
990,tt4972582,Split
991,tt6823368,Glass
992,tt0054997,The Hustler
993,tt0090863,The Color of Money
994,tt0300532,Blue Crush
995,tt1630626,Blue Crush 2
996,tt0117951,Trainspotting
997,tt2763304,T2 Trainspotting
998,tt0083658,Blade Runner
999,tt1856101,Blade Runner 2049
1000,tt1446714,Prometheus
1001,tt2316204,Alien: Covenant
1002,tt1318514,Rise of the Planet of the Apes
1003,tt2103281,Dawn of the Planet of the Apes
1004,tt3450958,War for the Planet of the Apes
1005,tt0796366,Star Trek
1006,tt1408101,Star Trek Into Darkness
1007,tt2660888,Star Trek Beyond
1008,tt4756228,Untitled Star Trek: Beyond Sequel
1009,tt0087363,Gremlins
1010,tt0099700,Gremlins 2: The New Batch
1011,tt2918116,Gremlins 3
1012,tt0109686,Dumb and Dumber
1013,tt0329028,Dumb and Dumberer: When Harry Met Lloyd
1014,tt2096672,Dumb and Dumber To
1015,tt1323594,Despicable Me
1016,tt1690953,Despicable Me 2
1017,tt3469046,Despicable Me 3
1018,tt2802144,Kingsman: The Secret Service
1019,tt4649466,Kingsman: The Golden Circle
1020,tt6856242,The King's Man
1021,tt1456635,Goon
1022,tt2417712,Goon: Last of the Enforcers
1023,tt1790864,The Maze Runner
1024,tt4046784,Maze Runner: The Scorch Trials
1025,tt4500922,Maze Runner: The Death Cure
1026,tt1109624,Paddington
1027,tt4468740,Paddington 2
1028,tt5822536,Paddington in Peru
1029,tt0108394,Trois couleurs: Bleu
1030,tt0111507,Trois couleurs: Blanc
1031,tt0111495,Trois couleurs: Rouge
1032,tt0795421,Mamma Mia!
1033,tt6911608,Mamma Mia! Here We Go Again
1034,tt0317705,The Incredibles
1035,tt3606756,Incredibles 2
1036,tt1772341,Wreck-It Ralph
1037,tt5848272,Ralph Breaks the Internet
1038,tt0274166,Johnny English
1039,tt1634122,Johnny English Reborn
1040,tt6921996,Johnny English Strikes Again
1041,tt0317219,Cars
1042,tt1216475,Cars 2
1043,tt3606752,Cars 3
1044,tt5308322,Happy Death Day
1045,tt8155288,Happy Death Day 2 U
1046,tt0117060,Mission: Impossible
1047,tt0120755,Mission: Impossible II
1048,tt0317919,Mission: Impossible III
1049,tt1229238,Mission: Impossible - Ghost Protocol
1050,tt2381249,Mission: Impossible - Rogue Nation
1051,tt4912910,Mission: Impossible - Fallout
1052,tt9603212,Mission: Impossible - Dead Reckoning Part One
1053,tt9603208,Mission: Impossible - Dead Reckoning Part Two
1054,tt2709768,The Secret Life of Pets
1055,tt5113040,The Secret Life of Pets 2
1056,tt1753383,A Dog's Purpose
1057,tt8385474,A Dog's Journey
1058,tt2911666,John Wick
1059,tt4425200,John Wick: Chapter 2
1060,tt6146586,John Wick: Chapter 3 - Parabellum
1061,tt10366206,John Wick: Chapter 4
1062,tt2250912,Spider-Man: Homecoming
1063,tt6320628,Spider-Man: Far from Home
1064,tt10872600,Spider-Man: No Way Home
1065,tt0104815,El mariachi
1066,tt0112851,Desperado
1067,tt0285823,Once Upon a Time in Mexico
1068,tt0401792,Sin City
1069,tt0458481,Sin City: A Dame to Kill For
1070,tt0892769,How to Train Your Dragon
1071,tt1646971,How to Train Your Dragon 2
1072,tt2386490,How to Train Your Dragon: The Hidden World
1073,tt0114709,Toy Story
1074,tt0120363,Toy Story 2
1075,tt0435761,Toy Story 3
1076,tt1979376,Toy Story 4
1077,tt3322940,Annabelle
1078,tt5140878,Annabelle: Creation
1079,tt8350360,Annabelle Comes Home
1080,tt1457767,The Conjuring
1081,tt3065204,The Conjuring 2
1082,tt7069210,The Conjuring: The Devil Made Me Do It
1083,tt1985949,The Angry Birds Movie
1084,tt6095472,The Angry Birds Movie 2
1085,tt1396484,It
1086,tt7349950,It Chapter Two
1087,tt1156398,Zombieland
1088,tt1560220,Zombieland: Double Tap
1089,tt0081505,The Shining
1090,tt5606664,Doctor Sleep
1091,tt0276919,Dogville
1092,tt0342735,Manderlay
1093,tt2294629,Frozen
1094,tt4520988,Frozen II
1095,tt0080179,Jui kuen
1096,tt0111512,Jui kuen II
1097,tt0109678,Jui kuen III
1098,tt1679335,Trolls
1099,tt6587640,Trolls World Tour
1100,tt0096928,Bill & Ted's Excellent Adventure
1101,tt0101452,Bill & Ted's Bogus Journey
1102,tt1086064,Bill & Ted Face the Music
1103,tt0057413,The Pink Panther
1104,tt0058586,A Shot in the Dark
1105,tt0072081,The Return of the Pink Panther
1106,tt0075066,The Pink Panther Strikes Again
1107,tt0078163,Revenge of the Pink Panther
1108,tt0084814,Trail of the Pink Panther
1109,tt0085384,Curse of the Pink Panther
1110,tt0108187,Son of the Pink Panther
1111,tt3397884,Sicario
1112,tt5052474,Sicario: Day of the Soldado
1113,tt2301592,La danza de la realidad
1114,tt4451458,Poesía sin fin
1115,tt0067919,Utvandrarna
1116,tt0069035,Nybyggarna
1117,tt0283900,L'auberge espagnole
1118,tt0409184,Les poupées russes
1119,tt1937118,Casse-tête chinois
1120,tt0107387,Leprechaun
1121,tt0110329,Leprechaun 2
1122,tt0113636,Leprechaun 3
1123,tt0116861,Leprechaun 4: In Space
1124,tt0209095,Leprechaun 5: In the Hood
1125,tt0339294,Leprechaun 6: Back 2 Tha Hood
1126,tt8155182,Leprechaun Returns
1127,tt2345613,Leprechaun: Origins
1128,tt0892255,Che: Part One
1129,tt0374569,Che: Part Two
1130,tt6644200,A Quiet Place
1131,tt8332922,A Quiet Place Part II
1132,tt13433802,A Quiet Place: Day One
1133,tt1959563,The Hitman's Bodyguard
1134,tt8385148,Hitman's Wife's Bodyguard
1135,tt3874544,The Boss Baby
1136,tt6932874,The Boss Baby: Family Business
1137,tt0117705,Space Jam
1138,tt0318155,Looney Tunes: Back in Action
1139,tt3554046,Space Jam: A New Legacy
1140,tt0100142,Metropolitan
1141,tt0109219,Barcelona
1142,tt0120728,The Last Days of Disco
1143,tt5117670,Peter Rabbit
1144,tt8376234,Peter Rabbit 2: The Runaway
1145,tt4160708,Don't Breathe
1146,tt6246322,Don't Breathe 2
1147,tt3794354,Sonic the Hedgehog
1148,tt12412888,Sonic the Hedgehog 2
1149,tt18259086,Sonic the Hedgehog 3
1150,tt0072272,That's Entertainment!
1151,tt0075323,"That's Entertainment, Part II"
1152,tt0111408,That's Entertainment! III
1153,tt0066740,The Abominable Dr. Phibes
1154,tt0068503,Dr. Phibes Rises Again
1155,tt0051622,The Fly
1156,tt0053219,Return of the Fly
1157,tt0059076,Curse of the Fly
1158,tt0109445,Clerks
1159,tt0424345,Clerks II
1160,tt11128440,Clerks III
1161,tt1915581,Magic Mike
1162,tt2268016,Magic Mike XXL
1163,tt16280138,Magic Mike's Last Dance
1164,tt1286159,1981
1165,tt2833074,1987
1166,tt8264546,1991
1167,tt0032455,Fantasia
1168,tt0120910,Fantasia 2000
1169,tt0443453,Borat: Cultural Learnings of America for Make Benefit Glorious Nation of Kazakhstan
1170,tt13143964,Borat Subsequent Moviefilm: Delivery of Prodigious Bribe to American Regime for Make Benefit Once Glorious Nation of Kazakhstan
1171,tt0295701,xXx
1172,tt0329774,xXx: State of the Union
1173,tt1293847,xXx: Return of Xander Cage
1174,tt4633694,Spider-Man: Into the Spider-Verse
1175,tt9362722,Spider-Man: Across the Spider-Verse
1176,tt16360004,Spider-Man: Beyond the Spider-Verse
1177,tt5814060,The Nun
1178,tt10160976,The Nun II
1179,tt1160419,Dune
1180,tt15239678,Dune: Part Two
1181,tt31378509,Dune: Messiah
1182,tt0082971,Raiders of the Lost Ark
1183,tt0087469,Indiana Jones and the Temple of Doom
1184,tt0097576,Indiana Jones and the Last Crusade
1185,tt0367882,Indiana Jones and the Kingdom of the Crystal Skull
1186,tt1462764,Indiana Jones and the Dial of Destiny
1187,tt0837562,Hotel Transylvania
1188,tt2510894,Hotel Transylvania 2
1189,tt5220122,Hotel Transylvania 3: Summer Vacation
1190,tt9848626,Hotel Transylvania: Transformania
1191,tt3470600,Sing
1192,tt6467266,Sing 2
1193,tt29434162,Sing 3
1194,tt2015381,Guardians of the Galaxy
1195,tt3896198,Guardians of the Galaxy Vol. 2
1196,tt13623136,The Guardians of the Galaxy Holiday Special
1197,tt6791350,Guardians of the Galaxy Vol. 3
1198,tt0499549,Avatar
1199,tt1630029,Avatar: The Way of Water
1200,tt1757678,Avatar 3
1201,tt3095356,Avatar 4
1202,tt5637536,Avatar 5
1203,tt0110148,Interview with the Vampire: The Vampire Chronicles
1204,tt0238546,Queen of the Damned
1205,tt6857166,Book Club
1206,tt20768712,Book Club: The Next Chapter
1207,tt0259446,My Big Fat Greek Wedding
1208,tt3760922,My Big Fat Greek Wedding 2
1209,tt21103300,My Big Fat Greek Wedding 3